,Date and Time,Name,Phone Number,Location,Estimated Number of Victims,Report Details,Category
1,12/31/2023 23:58,Allen Incognito,9753125000,"Block 1 Lot 5 St. Joseph Village, Brgy. Mamatid, Cabuyao City, Laguna",2,"Two kids got injured because of firecrackers, send help please, they're bleeding profusely",Medical Emergency
2,12/31/2023 23:55,Boy Ramos,9500730861,"Ariel Subd., Brgy. Baclaran, Cabuyao City, Laguna",1,"a car lost its brake, injuring a passerby, they're bleeding, they need first aid",Vehicular Accident
3,12/23/2023 20:05,Harold Watawat,9873219800,"Buena Dios Village, Brgy. Poblacion Tres, Cabuyao City, Laguna",3,"there's a house fire in a family of 3, send help please",Other Emergency
4,11/24/2023 12:36,Mark Enrile,9456813232," Zone 78, Brgy. Banlic, Cabuyao City, Laguna",10,"multiple car collision, send ambulance for first aid",Vehicular Accident
5,6/23/2023 0:05,Mary Ann Hawak,9815650011,"Etheral Springs Resort, Brgy. Gulod, Cabuyao City, Laguna",1,"my friend lost their footing, she can't be resuscitated, needs first aid",Medical Emergency
6,4/1/2023 5:55,Mayumi Sambigan,9754602371,"Etheral Springs Resort, Brgy. Gulod, Cabuyao City, Laguna",2,"two people slipped on the rocks, their heads are bleeding, need first aid",Medical Emergency
7,7/24/2023 14:11,Marck Matumban,9408907111,"Block 7 Lot 8 Washington St., Brgy. Niugan, Cabuyao City, Laguna",4,"car and e-bike collision, need ambulance and first aid",Vehicular Accident
8,9/10/2023 23:11,Jennifer Budang,9503817896,"Along the highway, Brgy. Banlic, Cabuyao City, Laguna",4,"collision between several motorcycles, need ambulance and first aid",Vehicular Accident
9,10/17/2023 16:03,Miguel Escaldo,9167400595,"Along the highway, Brgy. Pulo, Cabuyao City, Laguna",8,"multiple vehicle collision between cars, need ambulance and first aid",Vehicular Accident
10,10/19/2023 18:06,Virgil Esme,9786543200,"Along the highway, Brgy. Banlic, Cabuyao City, Laguna",1,"my wife is pregnant and my child's gonna come out, send ambulance please",Medical Emergency
11,7/11/2023 0:10,Ian Santiago,9764530110,"Mermaid Fins Resort, Brgy. Sala, Cabuyao City, Laguna",3,"mga kasamahan ko po nagsusuka at nabula bibig, need first aid, ang baho ng tubig dito sa resort",Medical Emergency
12,9/25/2023 12:51,Mylene Borres,9157320114,"Utopia Subdivision, Brgy. Pittland, Cabuyao City, Laguna",4,"may nagsusuntukan, duguan yung isa, first aid kailangan o ambulansya po",Medical Emergency
13,9/25/2023 12:52,Joe Monay,9157320011,"Utopia Subdivision, Brgy. Pittland, Cabuyao City, Laguna",4,"may nag-aaway rito, tulong po rito ambulansya",Medical Emergency
14,11/8/2023 9:23,Esmeralda Gutierrez,9873159823,"Block 1 Lot 3, Yemen Village, Brgy. Niugan, Cabuyao City, Laguna",1,"nanay ko po di na nagigising, may breast cancer po",Medical Emergency
15,12/11/2023 5:16,Patricia Guinto,9169610108,"Block 1 Lot 1, Yemen Village, Brgy. Niugan, Cabuyao City, Laguna",3,"may mga trabahador dito na nabagsakan ng aparador, need namin ng ambulansya di sila magising para first aid",Medical Emergency
16,1/2/2023 0:01,Mercury Mercado,9169461010,"Along the highway, Brgy. Pulo, Cabuyao City, Laguna",9,"maraming nagbanggaan kasama dyip, kotse, L300, wala pang nalabas sa kanila, need first aid siguro",Vehicular Accident
17,2/14/2023 16:04,John Sangkan,9187413262,"Marcus St., Ibon Himpapawid Subd., Brgy. Banay-banay, Cabuyao City, Laguna",2,"may nagsusuntukan dito, duguan na yung ulo nila parehas, need first aid at ambulansya",Medical Emergency
18,4/15/2023 16:04,Emil Sangkot,9703163554,"Clark Subd., Brgy. Banay-banay, Cabuyao City, Laguna",1,"may binaril dito, bleeding profusely, send ambulansya ",Medical Emergency
19,8/29/2023 23:30,Aria Binag,9753164554,"Star St., Jones Village, Brgy. Mamatid, Cabuyao City, Laguna",1,"may sinaksak dito, nagdudugo yung dibdib, need first aid at dalhin ng ambulansya",Medical Emergency
20,7/25/2023 8:05,Brim Calguna,9871365002,"Apartment 790 Jose Subd., Brgy. Poblacion Tres, Cabuyao City, Laguna",1,"manganganak na misis ko, pumutok na panubigan, send ambulance please",Medical Emergency
21,7/29/2023 8:05,Joseph Engkanto,9871236512,"Apartment 789 Jose Subd., Brgy. Poblacion Tres, Cabuyao City, Laguna",1,"pumutok na panubigan ng misis ko, may onting dugo na, need na dalhin ng ambulansya please",Medical Emergency
22,12/17/2023 11:56,Mark Romualdez,9751264720,"Zone 8, Juanito Santos Subd., Brgy. Marinig, Cabuyao City, Laguna",3,"yung kapatid ko po saka kasamahan nabaril, dami nang dugo, send ambulansya pakiusap",Medical Emergency
23,12/18/2023 0:00,Joseph Romualdez,9516324473,"Zone 8, Juanito Santos Subd., Brgy. Marinig, Cabuyao City, Laguna",3,"kapatid ko nabaril, kailangan ng ambulansya, marami nang nawawalang dugo",Medical Emergency
24,12/18/2023 0:03,Ezekiel Romualdez,9516329802,"Zone 8, Juanito Santos Subd., Brgy. Marinig, Cabuyao City, Laguna",3,"nabaril kapatid ko saka kasamahan niya, di na nadilat yung iba, kailangan madala ng ambulansya sa ospital",Medical Emergency
25,12/24/2023 21:09,Maria Clara,9873516984,"Block 5 Lot 1 Emerald Subd., Brgy. Bigaa, Cabuyao City, Laguna",2,"may nabagsakan ng ilaw rito, nahinga pa pero ang dami nang dugo, need first aid at hospital please",Medical Emergency
26,2/16/2023 23:05,Jenea Canrez,9641234560,"Along the highway, Brgy. Poblacion Uno, Cabuyao City, Laguna",1,"may nabagsakan ng niyog dito, nahinga pa pero di na nadilat saka ang dami nang dugo, need first aid at hospital please",Medical Emergency
27,10/29/2023 6:05,Kirri Castillo,9638751203,"Along the highway, Brgy. Poblacion Uno, Cabuyao City, Laguna",3,"may nagkakagulo rito, nakagulantang na yung isa, nadugo ulo, need first aid at ambulansya",Medical Emergency
28,11/1/2023 23:00,Michael Miyares,9186321093,"Angel Wings Cemetery, Brgy. Marinig, Cabuyao City, Laguna",1,"may nasusunugan ng tent dito, sobrang nadugo yung braso, needs first aid",Medical Emergency
29,11/1/2023 0:05,Jason Vorja,9647853193,"Angel Wings Cemetery, Brgy. Marinig, Cabuyao City, Laguna",1,"may namato ng bato, nadugo ulo profusely, needs first aid",Medical Emergency
30,11/1/2023 15:05,Frederick Kianez,9652398112,"Angel Wings Cemetery, Brgy. Marinig, Cabuyao City, Laguna",1,"may nasaksak ng stick sa pisngi, needs first aid at hospital, nadugo marami",Medical Emergency
31,12/1/2023 11:59,Karim Abdalon,9748452212,"Las Von Subd., Brgy. Poblacion Uno, Cabuyao City, Laguna",4,"may nabagsakan ng ilaw rito sa chapel sa paa, may nalabas na dugo, need first aid at ambulansya",Medical Emergency
32,12/1/2023 11:59,Mikael Marano,9788452200,"Las Von Subd., Brgy. Poblacion Uno, Cabuyao City, Laguna",4,"may nabagsakan ng ilaw rito sa chapel sa ulo, ang daming dugo, need first aid at ambulansya",Medical Emergency
33,12/1/2023 12:00,Lavina Yi,9769552212,"Las Von Subd., Brgy. Poblacion Uno, Cabuyao City, Laguna",4,"may nabagsakan ng ilaw rito sa chapel sa likod, may nalabas na dugo, need first aid at ambulansya papuntang ospital",Medical Emergency
34,12/1/2023 11:59,Pimana Hampon,9988452211,"Las Von Subd., Brgy. Poblacion Uno, Cabuyao City, Laguna",4,"may nabagsakan ng ilaw rito sa chapel sa ulo, nahinga pero ang daming dugo, need first aid at ipunta sa ambulansya",Medical Emergency
35,12/5/2023 12:03,Iram Marquez,9784513601,"Block 54 Lot 41 Junel Subd., Brgy. Mamatid, Cabuyao City, Laguna",2,"di nagising yung dalawa kong anak na may cancer kanina pa, kailangan ng ambulansya",Medical Emergency
36,11/18/2023 6:05,Iraya Manceto,9451234567,"Block 14 Lot 11 Junel Subd., Brgy. Mamatid, Cabuyao City, Laguna",1,"di nagigising yung lolo ko po, ambulansya po rito sa junel mamatid",Medical Emergency
37,11/19/2023 8:05,Paul Mariano,9875623147,"Block 4 Lot 16 Arren Marwan Subd., Brgy. Mamatid, Cabuyao City, Laguna",1,"di nagigising yung nanay ko, ambulansya po rito sa arren marwan",Medical Emergency
38,11/20/2023 6:09,Jose Bantay,9794523258,"Block 5 Lot 1 Portanio Subd., Brgy. Mamatid, Cabuyao City, Laguna",1,"may nagbanggaan na motor, ang daming dugo, kailangan ng ambulansya",Vehicular Accident
39,11/21/2023 6:05,Maria Laguna,9154578236,"Block 3 Lot 3 Junel Subd., Brgy. Mamatid, Cabuyao City, Laguna",1,"may nabagsakan po ng ilaw, nabula bibig, kailangan ng ambulansya",Medical Emergency
40,11/22/2023 6:05,Wallian Uy,9651234587,"Block 6 Lot 9 Junel Subd., Brgy. Mamatid, Cabuyao City, Laguna",1,"may nasunugan dito, lapnos balat, may dugo, kailangan first aid at ambulansya",Medical Emergency
41,1/15/2023 9:30,Maria Santos,9123456789,"Golden Meadows Subdivision, Brgy. Banay-Banay, Cabuyao City, Laguna",1,Someone got hit and run. They're bleeding profusely. They need first aid and ambulance.,Medical Emergency
42,3/2/2023 14:15,Juan Cruz,9234567890,"Block 8, Lot 5, Rainbow Heights, Brgy. Banlic, Cabuyao City, Laguna",1,My friend just collapsed at the gym. We need an ambulance right away,Medical Emergency
43,5/20/2023 18:00,Luz Reyes,9345678901,"Lot 10, Block 2, Emerald Gardens, Brgy. Bigaa, Cabuyao City, Laguna",1,My grandma's having trouble breathing. Can you send help quickly?,Medical Emergency
44,7/10/2023 10:45,Jennifer Gonzales,9456789012,"Sunshine Bar and Resto, Brgy. Butong, Cabuyao City, Laguna",1,There's a guy outside the bar who got into a fight and he's bleeding badly. We need an ambulance!,Medical Emergency
45,9/5/2023 16:20,Sofia Garcia,9567890123,"Lot 6, Block 12, Maple Grove, Brgy. Casile, Cabuyao City, Laguna",1,"my daughter accidentally swallowed some cleaning solution. Her mouth appears to have bubbles come out, send help please ambulance please",Medical Emergency
46,10/12/2023 11:11,Gabriel Dela Cruz,9678901234,"Diamond Crest Co., Brgy. Diezmo, Cabuyao City, Laguna",1,My coworker just fainted in the office and their head hit a table. They're bleeding and unresponsive. Can you send someone to help?,Medical Emergency
47,11/25/2023 20:05,Lourdes Fernandez,9789012345,"Harmony Village, Brgy. Gulod, Cabuyao City, Laguna",1,my husband's having chest pains and it won't go away. Send help please! First aid we need it,Medical Emergency
48,12/9/2023 12:48,Manuel Ramirez,9890123456,"Block 6, Lot 11, Villa Aurora, Brgy. Mamatid, Cabuyao City, Laguna",1,"There's a cyclist who got hit by a car. Head's bleeding profusely, send an ambulance please",Vehicular Accident
49,2/28/2023 23:59,Consuelo Torres,9901234567,"Lot 4, Block 7, Ivory Heights, Brgy. Marinig, Cabuyao City, Laguna",1,My son broke his arm while playing in the backyard. We need first aid please,Medical Emergency
50,4/17/2023 8:30,Antonio Lopez,9112345678,"Block 9, Lot 14, Royal Palms Subdivision, Brgy. Niugan, Cabuyao City, Laguna",1,My neighbor's baby has a high fever and won't stop crying for days. Can you send a doctor?,Medical Emergency
51,6/30/2023 17:10,Rosario Perez,9223456789,"Lot 8, Block 5, Sunflower Park, Brgy. Pittland, Cabuyao City, Laguna",1,"woman on the bus is having a seizure, we need help! ambulance!",Medical Emergency
52,8/8/2023 5:55,Eduardo Rivera,9334567890,"Block 11, Lot 6, Crystal Springs, Brgy. Pulo, Cabuyao City, Laguna",1,"My wife just went into labor and it's too early. We need an ambulance, please!",Medical Emergency
53,10/1/2023 14:40,Aurora Martinez,9445678901,"Lot 1, Block 8, Pearl Vista Subdivision, Brgy. Sala, Cabuyao City, Laguna",1,"My friend just got stung by a bee and she's allergic. She needs first aid, help",Medical Emergency
54,11/11/2023 19:25,Fernando Fernandez,9556789012,"Block 3, Lot 2, Meadowview Estate, Brgy. San Isidro, Cabuyao City, Laguna",1,"My dad's diabetic and his blood sugar's dangerously low. He passed out, send an ambulance please!",Medical Emergency
55,12/25/2023 0:00,Carmela Reyes,9667890123,"Lot 5, Block 10, Starlight Village, Brgy. Poblacion Uno, Cabuyao City, Laguna",1,There's a man who fell off a ladder while working on his roof. He needs help and he's bleeding profusely!,Medical Emergency
56,1/7/2023 7:12,Miguel Cruz,9778901234,"211 Building Enterprise, Brgy. Poblacion Dos, Cabuyao City, Laguna",1,"My sister just got bitten by a stray dog. Her wound's bleeding, send help",Medical Emergency
57,3/19/2023 10:25,Angelica Reyes,9889012345,"Ramos Building, Brgy. Poblacion Tres, Cabuyao City, Laguna",1,My uncle's choking on food and we can't get it out. Send help please,Medical Emergency
58,5/10/2023 16:45,Ramon Antonio,9990123456,"Block 2, Lot 1, Green Valley Homes, Brgy. Sala, Cabuyao City, Laguna",1,There's a kid at the playground who broke his leg falling off the swing. We need help! He's not bleeding but unconscious,Medical Emergency
59,7/28/2023 22:20,Teresa Garcia,9101234567,"Lot 9, Block 6, Primrose Gardens, Brgy. Butong, Cabuyao City, Laguna",1,My neighbor's elderly mother fell down the stairs. Her head's bleeding a lot. Can you send help?,Medical Emergency
60,9/15/2023 13:35,Carlos Sy,9212345678,"Block 5, Lot 8, Meadow Brook Village, Brgy. Banlic, Cabuyao City, Laguna",1,"There's a guy at the park who got bitten by a spider. He needs first aid. Go here at meadow brook village, banlic",Medical Emergency
61,1/1/2024 8:15,Peter Pupanio,9123344556,"Along the highway, Brgy. Mamatid, Cabuyao City, Laguna",10,"nagbanggaan na dyip at motor, send help dito, nadugo ulo nung isang tsuper saka ilang pasaher sugatan",Vehicular Accident
62,1/5/2024 13:30,Emily Amban,9234455667,"San Lazaro Compound, Brgy. San Isidro, Cabuyao City, Laguna",3,"May nasagasaang bata at ilan dito sa kanto. Madugo ang sugat sa ulo, kailangan ng ambulansya agad",Medical Emergency
63,1/10/2024 18:45,Luna Mistika,9345566778,"Emerson Village, Brgy. Banlic, Cabuyao City, Laguna",20,"May sunog sa residential area sa Banlic. Maraming tao ang humihingi ng tulong at may ilan na may hika, kailangan ng medical assistance",Other Emergency
64,1/15/2024 22:00,Quentin Trono,9456677889,"Sy Apartment I, Brgy. Banay-banay, Cabuyao City, Laguna",1,"Nahulog sa hagdanan sa apartment complex sa Banay-banay. May tama sa ulo at hindi na gumagalaw, padala po ng ambulansya",Medical Emergency
65,1/20/2024 9:20,Juan Chen,9567788900,"Brgy. Hall, Brgy. Diezmo, Cabuyao City, Laguna",1,"Sa tabi ng barangay hall, may nahulog na motorista sa kanal. Duguan ang mukha at hindi makatayo, kailangan ng tulong dito",Medical Emergency
66,1/25/2024 14:35,Maria Li,9678890011,"Along the highway, Brgy. Diezmo, Cabuyao City, Laguna",1,"Sa diezmo, mayroong natamaan ng kidlat sa labas ng mall. Hindi na humihinga, kailangan ng first aid",Medical Emergency
67,1/30/2024 19:50,Jose Wang,9789900122,"Malaya Mall, Brgy. Sala, Cabuyao City, Laguna",1,"Sa loob ng mall sa sala, mayroong nag-collapse na buntis. Malakas ang bleeding, kailangan ng ambulasya please",Medical Emergency
68,2/4/2024 3:10,Luz Zhang,9899001233,"Legazpi St., Sto. Niño Village, Brgy. Marinig, Cabuyao City, Laguna",2,"may nagsusuntukan sa kalye, dalawa na sugatan at nadugo na masyado, kailangan ng medic dito",Medical Emergency
69,2/9/2024 12:25,Ramon Liu,9900112344,"Along the highway, Brgy. Poblacion Dos, Cabuyao City, Laguna",2,"May dalawang tao na nalunod sa ilog. Hindi na humihinga, kailangan ng medic dito",Medical Emergency
70,2/14/2024 16:40,Anna Huang,9111233455,"Market Market, Brgy. Gulod, Cabuyao City, Laguna",1,"Sa palengke, mayroong babaeng natumba sa kalsada. Hindi na siya makahinga, padala ng ambulansya po",Medical Emergency
71,2/19/2024 21:55,Ricardo Lingap,9222344566,"Zone 487, Brgy. Pulo, Cabuyao City, Laguna",1,"mayroong bata na nahulog mula sa ikalawang palapag ng bahay. May tama sa ulo at hindi gumagalaw, kailangan ng tulong ngayon din!",Medical Emergency
72,2/24/2024 7:05,Rosario Wu,9332455677,"Ospital de Publiko, Brgy. Butong, Cabuyao City, Laguna",20,"Sa labas ng ospital sa butong, mayroong sumabog na gas tank. Maraming sugatan, kailangan ng mga doctor at ambulansya!!!",Medical Emergency
73,2/29/2024 11:20,Ulysses Xu,9444566788,"Janssen Heights, Brgy. Casile, Cabuyao City, Laguna",1,"Isang senior citizen ang na-trip na sa hagdanan, hindi na siya makatayo at mayroon siyang tama sa ulo, duguan",Medical Emergency
74,3/5/2024 15:35,Elizabeth Yang,9555677899,"Along the highway, Brgy. Casile, Cabuyao City, Laguna",17,"banggan ng mga truck at dyip dito, ang daming sugatan sa highway",Vehicular Accident
75,3/10/2024 20:50,Rodrigo Santos,9666789000,"Ersenio Commercial Building, Brgy. Butong, Cabuyao City, Laguna",30,"May sunog sa isang gusali, maraming tao ang stranded sa loob at may ilang sugatan. Kailangan ng agarang tulong please",Other Emergency
76,3/15/2024 2:00,Cristina Cruz,9777890111,"Brgy. Butong, Cabuyao City, Laguna",1,"may bata na nahulog sa ilog at hindi na lumutang, kailangan ng tulong please Panginoon ko",Medical Emergency
77,3/20/2024 6:15,Manuel Reyes,9888901222,"Block 8 Lot 3 Qi St., Arriva Compound, Brgy. Bigaa, Cabuyao City, Laguna",1,"nahulog ang isang buntis ng kapitbahay, may nararamdamang matinding sakit at pagdurugo, kailangan ng ambulansya please",Medical Emergency
78,3/25/2024 10:30,Patricia Garcia,9990012333,"Along the highway, Brgy. Baclaran, Cabuyao City, Laguna",2,"May mga nag-collapse sa kalsada, mukhang atake sa puso. Padala po ng ambulansya para sa first aid!",Medical Emergency
79,3/30/2024 14:45,Eduardo Gonzales,9101123444,"Along the highway, Brgy. Banlic, Cabuyao City, Laguna",1,"May babaeng naglalakad sa bangketa ang na-hit-and-run ng motorsiklo. Duguan ang ulo at hindi makatayo, nakakatakot ang pangyayari",Medical Emergency
80,4/4/2024 19:00,Aurora Aquino,9212234555,"Along the highway, Brgy. Niugan, Cabuyao City, Laguna",1,"nasagasaan ang isang lalaki ng grabeng kaskasero, maraming sugat at duguan, kailangan ng medic at first aid dito",Medical Emergency
81,4/9/2024 23:15,Fernando Ramos,9323345666,"Quirino St., Washington Village, Brgy. Poblacion Dos, Cabuyao City, Laguna",1,"Isang bata ang naputulan ng daliri habang naglalaro sa labas, medic, needs first aid dito dali po",Medical Emergency
82,4/14/2024 4:30,Teresita Dela Cruz,9434456777,"Kamyas St., Brgy. Pulo, Cabuyao City, Laguna",1,"Nawalan ng malay ang isang matanda sa loob ng tindahan, mukhang stroke.",Medical Emergency
83,1/2/2024 8:45,Gabriel Torres,9545567888,"Plaza Sentro, Brgy. Casile, Cabuyao City, Laguna",1,"May nagkasakit sa plaza, nagtatae at nagsusuka nang malakas. kailangan ng medic, first aid, at ambulansya rito papuntang ospital",Medical Emergency
84,1/7/2024 14:00,Lourdes Reyes,9656678999,"Along the highway, Brgy. Banay-banay, Cabuyao City, Laguna",6,mayroong mga nabagsakan ng malaking kahoy habang naglalakad sa gilid ng kalsada. hindi na makatayo at mayroong mga pasa sa katawan. kailangan ng medic dito sa banay-banay,Medical Emergency
85,1/12/2024 18:15,Carlos Smith,9767789000,"Veren St., Brgy. Bigaa, Cabuyao City, Laguna",1,"nahulog yung bata sa puno, unconscious na siya. kailangan ng medic dito",Medical Emergency
86,1/17/2024 22:30,Angel Johnson,9878890111,"Kiro Terminal, Brgy. Diezmo, Cabuyao City, Laguna",1,"May lalaki na biglang nahilo at nanghina habang nasa loob ng bus. Mukhang nagkaroon ng heart attack, send ambulance po",Medical Emergency
87,1/22/2024 10:45,Francisco Williams,9989901222,"Block 9 Lot 7 Tempest Village, Brgy. Poblacion Tres, Cabuyao City, Laguna",1,"matandang babae naaksidente sa kusina at mayroon siyang mga paso sa kamay at mukha, kailangan ng first aid niya, send medic please po",Medical Emergency
88,1/27/2024 16:00,Angelica Brown,9190012333,"Along the highway, Brgy. Pittland, Cabuyao City, Laguna",1,Mayroong lalaki ang nadaganan ng nakabanggang kotse. hindi na siya makatayo. Mukhang mayroon siyang fracture sa binti. He needs first aid,Medical Emergency
89,2/1/2024 20:15,Gloria Jones,9201123444,"Walls Shopping Centre, Brgy. Diezmo, Cabuyao City, Laguna",1,"Sa loob ng mall, may isang babae ang biglang nag-collapse at hindi na humihinga. Kailangan ng CPR, medic",Medical Emergency
90,2/6/2024 0:30,Lorenzo Davis,9312234555,"Along the highway, Brgy. Gulod, Cabuyao City, Laguna",11,"May nagsalpukan na mga sasakyan sa gitna ng kalsada at mayroong ilang pasahero na nasaktan. Kailangan ng medical assistance sa lugar, may natulong dugo sa kalsada na",Medical Emergency
91,2/11/2024 4:45,Jennifer Miller,9423345666,"Along the highway, Brgy. Gulod, Cabuyao City, Laguna",3,"some people got caught in a multiple vehicle collision. they look severely injured, send first aid responders, medic, and ambulances",Medical Emergency
92,2/16/2024 9:00,Miguel Wilson,9534456777,"Block 9 Lot 3 Sangkan Village, Brgy. Poblacion Tres, Cabuyao City, Laguna",1,my spouse had a heart attack. Send an ambulance please,Medical Emergency
93,2/21/2024 13:15,Marilyn Moore,9645567888,"7-Eleven, Brgy. Mamatid, Cabuyao City, Laguna",8,"knife attack here, several are injured, so much blood on the scene. they need first aid",Medical Emergency
94,2/26/2024 17:30,Rafael Taylor,9756678999,"Block 6 Lot 4 Imaw Compound, Brgy. Casile, Cabuyao City, Laguna",1,"my father is not responding. he has been experiencing pain on the back, send first aid and ambulance please",Medical Emergency
95,3/2/2024 21:45,Marissa Chen,9867789000,"Along the Highway, Brgy. Butong, Cabuyao City, Laguna",5,"multiple vehicle collision, send first responders. people are injured, bleeding profusely",Medical Emergency
96,3/7/2024 2:00,Roberto Li,9978890111,"Porter Street, Sakpin Village, Brgy. Marinig, Cabuyao City, Laguna",13,"gang war or multiple guys fighting each other, some were shot and bleeding profusely. send ambulance as soon as possible",Medical Emergency
97,3/12/2024 6:15,June Wang,9189901222,"Along the Highway, Brgy. Casile, Cabuyao City, Laguna",2,"two people got hit-and-run, bleeding and unresponsive. send medic here",Medical Emergency
98,3/17/2024 10:30,Emmanuel Zhang,9290012333,"Block 4 Lot 4 Jones Compound, Brgy. Marinig, Cabuyao City, Laguna",1,"my aunt is having a heatstroke, send first aid here please",Medical Emergency
99,3/22/2024 14:45,Jasmine Liu,9301123444,"Block 1 Lot 1 Lemon Subd., Brgy. San Isidro, Cabuyao City, Laguna",1,my cousin has high fever for three days and is now unresponsive. send ambulance please,Medical Emergency
100,3/27/2024 19:00,Nestor Huang,9412234555,"Oval Hotel, Brgy. Diezmo, Cabuyao City, Laguna",5,"i am experiencing stomach pain and my companions are vomitting. we attended a party last night, send help please",Medical Emergency
101,4/1/2024 23:15,Carmela Lin,9523345666,"Ang Plaza, Brgy. Pulo, Cabuyao City, Laguna",1,"someone suddenly passed out, they're still unresponsive. send medic here",Medical Emergency
102,4/6/2024 3:30,Ernesto Wu,9634456777,"Along the Highway, Brgy. Mamatid, Cabuyao City, Laguna",3,"several tricycles hit each other, people are safe but have minor injuries.",Vehicular Accident
103,4/11/2024 7:45,Edith Xu,9745567888,"Along the Highway, Brgy. Diezmo, Cabuyao City, Laguna",9,"two jeepneys hit each other in the highway, some people have minor injuries",Vehicular Accident
104,1/3/2024 9:00,Hector Yang,9856678999,"Along the Highway, Brgy. Marinig, Cabuyao City, Laguna",5,"A truck hit multiple cyclists. Some are unresponsive and injured, send responders and ambulances please",Medical Emergency
105,1/8/2024 13:15,Michelle Santos,9967789000,"Yi Commercial Building, Brgy, Pulo, Cabuyao City, Laguna",8,"fire on a building. multiple people were working in the morning, send help please",Other Emergency
106,1/13/2024 17:30,Mario Cruz,9178890111,"Along the Highway, Brgy. Banay-banay, Cabuyao City, Laguna",18,"Several people are fighting each other. some of them are bleeding already and unresponsive and need medical attention, send help please",Medical Emergency
107,1/18/2024 21:45,Cynthia Podatan,9289901222,"Elton Heights, Brgy. Pulo, Cabuyao City, Laguna",50,large fire in the condo. send ambulances please,Other Emergency
108,1/23/2024 2:00,Victor Garcia,9390012333,"Along the Highway, Brgy. San Isidro, Cabuyao City, Laguna",3,Motorcycle accident involving collision with tricycle. Rider unresponsive and bleeding.,Vehicular Accident
109,1/28/2024 6:15,Melanie Gonzales,9401123444,"Along the Highway, Brgy. San Isidro, Cabuyao City, Laguna",1,Multiple car accident with several injured and bleeding passengers. First aid and ambulance needed immediately,Vehicular Accident
110,2/2/2024 10:30,Ernesto Aquino,9512234555,"Along the Highway, Brgy. San Isidro, Cabuyao City, Laguna",2,Multi-vehicle collision. Several individuals bleeding and injured. Urgent need for first aid and ambulance,Vehicular Accident
111,2/7/2024 14:45,Mayumi Forteza,9785623984,"Block 5 Lot 5, Rainbow Subd., Brgy. Bigaa, Cabuyao City, Laguna",2,"may nabangsakan ng aparador, nadugo ulo nung isa, yung isa di magalaw kamay. kailangan po ng tulong dito, first aid, ambulansya",Medical Emergency
112,2/12/2024 19:00,Jin Espejo,9128369521,"Unit 101, Casile Condominiums, Brgy. Casile, Cabuyao City, Laguna",1,"may pumutok na wire, nahimatay at lapnos yung balat nung isang homeowner, kailangan ng first aid at ambulansya",Medical Emergency
113,2/17/2024 23:15,Carl John Son,9123456781,"Block 1 Lot 2 Villa Escudero, Brgy. San Isidro, Cabuyao City, Laguna",1,"di nagigising yung lolo ko po, ambulansya po rito sa villa escudero, may sakit siya sa puso eh",Medical Emergency
114,2/22/2024 3:30,Kendall Kiing,9234567812,"Hermano Boulevard, Brgy. Butong, Cabuyao City, Laguna",1,"sumalpok yung motor dito sa pader, di responsive, kailangan ng ambulansya at first aid",Vehicular Accident
115,2/27/2024 7:45,Foster Bagunas,9345678123,"Poblacion Tres Plaza, Brgy. Poblacion Tres, Cabuyao City, Laguna",1,"may naghampasan ng dos por dos dito sa plaza, yung isa duguan, kailangan ng first aid",Medical Emergency
116,3/3/2024 12:00,Ichi Chan,9456781234,"Bunu Business Center, Brgy. Banlic, Cabuyao City, Laguna",1,"May sumalpok na kotse rito sa building sa business center, sugatan yung driver, kailangan ng medic",Vehicular Accident
117,3/8/2024 16:15,Jonathan Ambag,9567812345,"Apartment 78, Pulo Parkview Residences, Brgy. Pulo, Cabuyao City, Laguna",1,"yung misis ko po manganganak na, pumutok na panubigan, kailangan po ng first aid o ambulansya please, nakikiusap po ako bilisan niyo po",Medical Emergency
118,3/13/2024 20:30,Norman Raouet,9678123456,"Tulipan Street, Brgy. Mamatid, Cabuyao City, Laguna",1,"may nasanggi yung kotse na naglalakad, sugatan at di maigalaw ang paa, kailangan ng medic dito",Medical Emergency
119,3/18/2024 0:45,Ben Baretto,9781234567,"Oceanview Subdivision, Brgy. Niugan, Cabuyao City, Laguna",1,"may nabaril dito, nagalaw pa pero duguan, kailangan ng first aid at ambulansya rito",Medical Emergency
120,3/23/2024 5:00,Ping Laxamana,9812345678,"Sunshine Village, Brgy. Gulod, Cabuyao City, Laguna",5,"mga nag-aaway, ang dami nang sugatan, kailangan ng ambulansya rito dali",Medical Emergency
121,3/28/2024 9:15,Steven Bang,9923456789,"Pittland Plaza, Brgy. Pittland, Cabuyao City, Laguna",1,"may nahimatay, ilang minuto na di nagigising, first aid kailangan o ambulansya",Medical Emergency
122,4/2/2024 13:30,Oscar Guireno,9134567890,"Riverside Residences, Brgy. Pulo, Cabuyao City, Laguna",2,"heatstroke ata yung dalawa, di nagre-respond, kailangan ng ambulansya",Medical Emergency
123,4/7/2024 17:45,Danvell Zamora,9245678901,"Golden Gate Subdivision, Brgy. Niugan, Cabuyao City, Laguna",3,"may nagbubugbugan dito, sugatan na yung iba, kailangan ng medic dito",Medical Emergency
124,4/12/2024 22:00,Louis Marquezio,9356789012,"Lavender Lane, Brgy. Marinig, Cabuyao City, Laguna",4,"banggaan ng mga motor, maraming sugatan, kailangan ng first aid",Vehicular Accident
125,1/4/2024 2:15,Prim Tarlac,9467890123,"Bluebell Compound, Brgy. Bigaa, Cabuyao City, Laguna",2,"may mga nagsaksakan, sugatan dalawa, daming dugo, need first aid",Medical Emergency
126,1/9/2024 6:30,Paul Hantong,9578901234,"San Isidro Square, Brgy. San Isidro, Cabuyao City, Laguna",2,"nahimatay sa plaza, kailangan ng first aid o ambulansya",Medical Emergency
127,1/14/2024 10:45,Ariela Maring,9689012345,"The Courtyard, Brgy. Casile, Cabuyao City, Laguna",2,"may mga nahimatay sa init ata, need first aid o ambulansya",Medical Emergency
128,1/19/2024 15:00,Albert Arriba,9790123456,"Efas Manor, Brgy. Butong, Cabuyao City, Laguna",10,"may sunog sa bahay ng amo ko. marami pang di nakakalabas, may mga lapnos na balat. ambulansya po pakiusap",Other Emergency
129,1/24/2024 19:15,Kin Perez,9801234567,"Block 18 Lot 10 Yi St., Ong Compound, Brgy. Gulod",1,"yung anak ko po, kinukumbulsyon. kailangan po namin maidala sa ospital kaso walang tricycle. naandito po kami sa ong compound, tulong po ambulansya",Medical Emergency
130,1/29/2024 23:30,Luigi Nong,9912345678,"Blk 2 Lot 18 San Isidro Heights Subd., San Isidro, Laguna",2,"a motorcycle swerved on the pavement, send help please",Vehicular Accident
131,2/3/2024 3:45,Cathrina Eskalya,9156238741,"Along the highway, Brgy. Mamatid, Cabuyao City, Laguna",11,"two jeepneys collided with each other. vehicles are still on the road, send help please",Vehicular Accident
132,3/24/2024 3:09,Gilbert Dela Cruz,9167539512,"Along the highway, Brgy. Pulo, Cabuyao City, Laguna",7,"motorcycle swerved and hit a car, rider is visibly unconscious",Vehicular Accident
133,2/20/2024 0:00,Jamal Torres,9739145611,"Along the highway, Brgy. Banlic, Cabuyao City, Laguna",2,"a car and truck are on a wreck, car driver has scratches, send help please",Vehicular Accident
134,2/25/2024 4:30,Renato Rambutan,9174563984,"Along the highway, Brgy. Gulod, Cabuyao City, Laguna",5,a car swerved and hit a jeepney. both drivers are unresponsive. passengers are responsive but injured. help please,Vehicular Accident
135,3/1/2024 8:00,Horian Osmeña,9201456898,"Along the highway, Brgy. Sala, Cabuyao City, Laguna",8,multiple vehicle collision. rider is unresponsive and his passenger is bleeding. jeepney driver and passengers have injuries. car's driver is responsive but bleeding. we need help,Vehicular Accident
136,3/6/2024 12:00,Wallace Santiago,9639811120,"Along the highway, Brgy. Poblacion Uno, Cabuyao City, Laguna",3,"truck hit cyclists. two cyclists are responsive but injured, both parties are aguing",Vehicular Accident
137,3/11/2024 16:50,Quirino Luna,9174587330,"Block 3 Lot 3 Mariana St., Boom Compound, Brgy. Banlic, Cabuyao City, Laguna",2,House fire! WE'RE TRAPPED. send first responders please!,Other Emergency
138,3/16/2024 20:20,Watson Ward,9652356890,"Yule Motel, Brgy. Diezmo, Cabuyao City, Laguna",2,FLASH FLOOD! WE'RE STRANDED HERE ,Other Emergency
139,3/21/2024 0:10,Peter Cayamoto,9256936930,"Magnolia Building, Brgy. Sala, Cabuyao City, Laguna",3,"a car was flipped over hitting another car in front of this building, multiple car collision, we need people here",Vehicular Accident
140,3/26/2024 4:00,Lenn Misalikha,9836541239,"Nuvena Street, Fong Village, Brgy. Baclaran, Cabuyao City, Laguna",6,"people got trapped in a delapidated house after earthquake, still responsive but send a team here",Other Emergency
141,3/31/2024 8:04,Marisol Bumirang,9532323651,"Arcenio Heights Avenue, Brgy. Poblacion Uno, Cabuyao City, Laguna",6,"Fire on 3rd floor, several people are stranded RESCUE PLEASE",Other Emergency
142,4/5/2024 12:00,Myrna Oswan,9523151511,"Dos Drive, Brgy. Poblacion Dos, Cabuyao City, Laguna",2,"some people got caught with fireworks, a hut is burning, send help",Other Emergency
143,1/1/2024 0:00,June Heneracion,9185656565,"Lopez Terrace, Brgy. Banay-Banay, Cabuyao City, Laguna",1,"5 ft Flood here in lopez, people are trapped",Other Emergency
144,1/6/2024 12:00,Ramon Yang,9174141563,"Room 203, Porrain Hotel, Brgy. Banlic, Cabuyao City, Laguna",1,"kinda chemical spill here, strong odor coming from a room here in porrain, send professional team please",Other Emergency
145,1/11/2024 16:00,Fritz Karr,9682356896,"Gumamela Avenue, Brgy. Gulod, Cabuyao City, Laguna",2,"multiple car collision, SUPER TRAFFIC send a team here",Vehicular Accident
146,1/16/2024 20:11,Marlon Montague,9156329855,"Apartment 308, Tres Tower, Brgy. Poblacion Tres, Cabuyao City, Laguna",1,"power outage and 3 ft flood due to the strong windstorm last night i think, send help here",Other Emergency
147,1/21/2024 0:06,Emerson Pi,9789563695,"Sky Gardens, Brgy. Banay-Banay, Cabuyao City, Laguna",2,TORNADO HELP OH MY PLEASE HELP CAN'T MOVE,Other Emergency
148,4/1/2024 10:05,Janice Ynarez,9586398231,"7-Eleven, Brgy. Pittland, Cabuyao City, Laguna",1,"car lost its breaks and wrecked another car, hitting the store, driver is responsive",Vehicular Accident
149,4/15/2024 17:08,Bingo Binene,9174545876,"Centro Commercial Plaza, Brgy. Gulod, Cabuyao City, Laguna",25,There was an earthquake and there may be people trapped in a building. Send help please,Other Emergency
150,4/16/2024 15:17,Ara Ladroma,9159633690,"Along the highway, Brgy. Pulo, Cabuyao City, Laguna",2,"two people are fighting each other, one man, one woman, send first responders",Other Emergency
151,11/11/2023 2:06,Victor Wick ,9658765678,"Block 20, Lot 12, Barangay Baclaran, Cabuyao City, Laguna",1,"There is an old lady who collapsed here in front of my House, need ambulance ",Medical Emergency
152,9/11/2023 23:45,Mike Vance.,9576325986,"Block 7,Lot 5 Barangay Bigaa, Cabuyao City, Laguna ",1,"Nakaapak ng yero ang aking kapatid, kailangan ng first aid",Medical Emergency
153,10/11/2023 7:02,Hannah Galindez ,9745635269,"Along the Highway, Brgy. San Isidro Cabuyao, Laguna",7,"There is collision of 3 different cars, please we need authority help",Vehicular Accident
154,10/23/2023 8:06,Joseph Miranda,9563215875,"Plaza , Cabuyao City, Laguna",2,"There is a Brawl Within apartment, please send some help ",Other Emergency
155,11/23/2023 9:26,Joseph Martin,9876543219,"Block 20, Lot 12, Barangay Baclaran, Cabuyao City, Laguna",1,"My wife passed out, she have lung cancer, send an ambulance ",Medical Emergency
156,11/29/2023 3:55,Apollo Cruz,9254368546,"Along the Highway, Brgy. San Isidro Cabuyao, Laguna",1,Two Tricycle have a collision due to high speed limit ,Vehicular Accident
157,5/4/2023 1:43,Bea Dimapillis,9632587412,"Block 20, Lot 12, Barangay Poblacion I, Cabuyao City, Laguna",5,"There is a fire next door, please send some help, there are people there ",Other Emergency
158,11/15/2023 5:25,Yance Ventura ,9531268745,"Block 14, Lot 10, Barangay Baclaran, Cabuyao City, Laguna",2,"There is Brawl outside my house, some teenagers trowing some rock to each other, please send some authority, there is a man on the ground. ",Other Emergency
159,11/18/2023 5:55,Cole Garcia ,9632887541,"Block 12, Lot 10, Barangay Baclaran, Cabuyao City, Laguna",2,"There is a brawl outside our house, some teenagers trowing rocks, the have been reported by my neighbour recently and there they are again.",Other Emergency
160,1/29/2023 2:04,Patrick Morandarte,9874526586,"Block 23, Lot 8, Barangay Pulo, Cabuyao City, Laguna",2,"My wife accidentally cut her finger, I need Some Ambulance ",Medical Emergency
161,10/25/2023 7:55,Bernadette Odo,9826542542,"Block 30, Lot 7, Barangay Pulo, Cabuyao City, Laguna",1,"My Brother step on rusty nails, He is in deep pain, please send some ambulance ",Medical Emergency
162,6/24/2023 5:55,Resty Garcia ,9553584565,"Along the highway, Brgy. Poblacion lll, Cabuyao City, Laguna",2,"There is an accident here, a SUV driven into the sidewalk and ran into the electric post",Vehicular Accident
163,11/1/2023 22:25,Kyle Patrick Falla,9635585268,"Barangay Banlic, Cabuyao City, Laguna",1,"A man throw a bottle in a women's head, the girl is unconscious, please send some ambulance ",Medical Emergency
164,12/1/2023 8:55,John Ruel Sanchez ,9863542685,"Block 30, Lot 10, Barangay Banlic, Cabuyao City, Laguna",1,"My son cut his private part, please send an ambulance ASAP ",Medical Emergency
165,8/26/2023 8:16,Tisha Vergara,9765432186,"Along the highway, Brgy. Marinig, Cabuyao City, Laguna",1,"There is collision between jeep and e-bike, please send some help for the e-bike driver ",Vehicular Accident
166,12/31/2023 23:59,Mary Jane ,9871533845,"Along the highway, Brgy. Pulo, Cabuyao City, Laguna",1,May nabanggaan na nga sasakyan Dito nagcacause na ng traffic ,Vehicular Accident
167,10/10/2023 10:10,Billy Lopez,9865384565,"Barangay Pulo, Cabuyao City, Laguna",1,"May Sinaksak dito na lalaki, duguan na at kailangan ng ambulance ",Medical Emergency
168,11/11/2023 11:11,Juan Dela Cruz,9856354386,"Along the highway, Brgy. Bigaa, Cabuyao City, Laguna",5,"May nagbanggaan na kotse rito, yung babae bali ang paa. ",Vehicular Accident
169,9/11/2023 9:11,Aldon Opriasa,9853246525,"Phase 2, Villa Palao Subdivision, Barangay Marinig, Cabuyao City, Laguna",1,"May binaril dito sa amin, kailangan ng ambulance ",Medical Emergency
170,3/24/2023 20:45,Erica Gundran,9874638156,"Barangay Butong, Cabuyao City, Laguna",2,May nakikita kaming usok Dito baka sunog na yun ,Other Emergency
171,7/22/2023 2:05,Dominic Rodriguez ,9525655555,"Along the highway, Brgy. Gulod, Cabuyao City, Laguna",1,"There is a collisions of 6 cars here, nawalan ng preno yung nasa unahan at nag banggaan na lahat. May mga batang din",Vehicular Accident
172,3/22/2023 6:05,Louie James ,9516545555,"Barangay Sala, Cabuyao City, Laguna",1,May gas leak Dito sa may kalye namin nahihirapan na huminga yung mga tao,Other Emergency
173,11/12/2023 8:45,Mia Pearl ,9542555554,"Phase 2, Villa Palao Subdivision, Barangay Marinig, Cabuyao City, Laguna",1,"Nahimatay at nadugo ang ilong ng tropa ko, tinamaan ko kase ng bola nv volleyball, kailangan namin ng first aid",Medical Emergency
174,8/12/2023 7:25,Liera Corpuz,9545654566,"Along the highway, Brgy. Niugan, Cabuyao City, Laguna",1,"May nabanggang bata dito, nahinga pa siya pero duguan, kailangan ng medic ",Medical Emergency
175,2/2/2023 2:02,Charissa Canlaz,9952555554,"Barangay Casile, Cabuyao City, Laguna",1,Nadulas sa banyo ang asawa ko! Kailangan ko ng ambulansya,Medical Emergency
176,12/12/2023 12:12,Dhanna Cortez,9885635555,"Block 20, Lot 3, Mamatid, Cabuyao City, Laguna",1,"Na kuryente ang aking anak, kailangan ko ng medic ",Medical Emergency
177,10/14/2023 12:15,Nolan Gadon,9222654599,"Barangay Sala, Cabuyao City, Laguna",1,"Natisod yung trupa ko dahil sa hindi niya nakitang bato sa gilid, wala siyang malay at na dugo ang ulo, kailangan ng ambulansya",Medical Emergency
178,12/20/2023 8:05,Frederick marcos ,9588236555,"Barangay Gulod, Cabuyao City, Laguna",1,"Tinamaan ng kidlat ang kapatid ko, wala syang malay, kailangan na namin ng tulong ",Other Emergency
179,10/15/2023 23:11,Hero Robredo,9955352244,"Barangay Pulo, Cabuyao City, Laguna",2,"May riot dito ang dami na sugatan, mag padala kayo ng ambulansya",Medical Emergency
180,9/25/2023 3:25,Earl Cortez ,9855425459,"Along the highway, Brgy. Poblacion ll, Cabuyao City, Laguna",2,"May nag banggaan dito,please send some help",Vehicular Accident
181,7/12/2023 8:05,Patricia Dela Cruz ,9223455655,"Block 32, Lot 11, Niugan, Cabuyao City, Laguna",1,"Nalunod tropa ko, na cpr ko na pero need pa rin niya ng tulong ",Other Emergency
182,1/30/2023 5:55,Jane DeLeon,9524466354,"Barangay Butong, Cabuyao City, Laguna",2,Kinagat ng aso ang dalawa kong anak! Kailangan ko ng ambulansya,Medical Emergency
183,11/8/2023 8:05,Kim chi ,9655645665,"Barangay Butong, Cabuyao City, Laguna",1,"Nadulas yung matandang babae dito sa talipapa, kailangan ng ambulance ",Medical Emergency
184,8/29/2023 9:05,Caroline Jose,9526545666,"Block 11, Lot 11, Barangay Banay-Banay, Cabuyao City, Laguna",1,"May burn injury ang anak ko, hindi ko alam ang treatment, please send some first aid",Medical Emergency
185,7/6/2023 3:05,Damian Tolopia ,9555668445,"Barangay Sala, Cabuyao City, Laguna",1,"Nahulugan siya ng martilyo sa construction site, kailangan namin ng tulong ",Other Emergency
186,10/17/2023 6:37,Bella Madrid ,9853446354,"Block 27, Lot 13, Brgy. Sala, Cabuyao City, Laguna",3,"Ilang bata ang nag susuka dito, na food poison ata, kailangan namin ng tulong ",Other Emergency
187,4/11/2023 7:05,Jean Parakikay,9544266536,"Along the highway, Brgy. Poblacion ll, Cabuyao City, Laguna",1,"May nag skateboard dito, sumemplang! Walang malay sa kalsada, kailangan ng tulong ",Medical Emergency
188,7/11/2023 8:40,Paola Bariring,9544354445,"Along the highway, Brgy. Sala, Cabuyao City, Laguna",4,Bungga sa karinderya yung kotse,Vehicular Accident
189,9/13/2023 21:26,Cassy Mondragon,9544536542,"Barangay Mamatid, Cabuyao City, Laguna",1,"Nahulog sa hagdan ang aking asawa, wala siyang malay kailangan ko ng tulong ",Other Emergency
190,10/11/2023 9:05,Abigael Veronica,9542387456,"Blk 35, Lot 9, Gulod, Cabuyao City, Laguna",1,"Nabagsakang ng barbell yung na gi gym dito, mag padala kayo ng help",Other Emergency
191,10/18/2023 8:50,Francine Alcantara,9844233554,"Barangay Sala, Cabuyao City, Laguna",2,"May suntukan dito, parahas silang nawalan ng malay ",Other Emergency
192,7/12/2023 8:43,Kyline Geronimo,9655555655,"Block 10, Lot 1, Barangay Banay-Banay, Cabuyao City, Laguna",1,"There is a unconscious lady lying on the floor, need some medic ",Medical Emergency
193,5/17/2023 9:22,Mike Dee,9855345446,"Along the highway, Brgy. Banay-Banay, Cabuyao City, Laguna",4,"There is collision of 2 cars, some of them are , please send some help",Vehicular Accident
194,11/14/2023 8:05,Peter Magallona,9853242366,"Barangay Banay-Banay, Cabuyao City, Laguna",1,"There is a Gunshot here, somebody is bleeding, send some ambulance for the girl ",Medical Emergency
195,7/19/2023 8:40,Eunice Vergara,9544538556,"Barangay Niugan, Cabuyao City, Laguna",1,"Please send an ambulance, but not for me. I fought someone, I punch him and now he is unconscious. ",Medical Emergency
196,8/16/2023 8:41,Jose Manalo,9854668556,"Barangay Sala, Cabuyao City, Laguna",1,"May batang sugatan dito dahil sa hindi malamang dahilan, she's unconscious pero nahinga pa, please send some ambulance ASAP ",Medical Emergency
197,7/28/2023 7:05,Jennifer Mendoza,9845644552,"Barangay Gulod, Cabuyao City, Laguna",1,"May nahimatay dito kaka sayaw nang sayaw, send some ambulance ",Medical Emergency
198,8/16/2023 8:24,Harry Cortez,9842664423,"Blk 14, Lot 6, Brgy. Pulo, Cabuyao City, Laguna",1,"May tumalon dito mula second floor, mukhang pilay na sya, need some medical assistance ",Medical Emergency
199,11/13/2023 8:30,Gary Ayson ,9842336544,"Barangay Niugan, Cabuyao City, Laguna",1,"May babaeng sinaksak dito, send some ambulance ",Medical Emergency
200,6/13/2023 4:25,Derrick Rodriguez ,9544236544,"Block 20, Lot 3, Mamatid, Cabuyao City, Laguna",5,"There is a brawl here, s Please send some tanod",Other Emergency
201,9/27/2023 5:30,Cyrus Magsino ,9544236844,"Block 25, Lot 5, Barangay Banlic, Cabuyao City, Laguna",2,"There is an unconscious men here, Please send some help ",Other Emergency
202,11/24/2023 9:35,Charles Basila,9844339555,"Block 27, Lot 13, Brgy. Sala, Cabuyao City, Laguna",1,Our car is damage right now due to over speeding of the other vehicle ,Vehicular Accident
203,11/20/2023 8:27,Benedict Bayot ,9842588556,"Along the highway, Brgy. Bigaa, Cabuyao City, Laguna",1,There is a e-bike that hit our food stands,Vehicular Accident
204,8/23/2023 7:35,Vince Mag-isa,9542555565,"Block 38, Lot 21, Butong, Cabuyao City, Laguna",2,"There are some gunshot here, please send some help ",Other Emergency
205,11/17/2023 9:42,Carlo Garcia ,9853654122,"Block 24, Lot 14, Mamatid, Cabuyao City, Laguna ",1,May gumuho Dito sa parte ng Bahay namin kinakabahan kami baka lumalala. Pahingi tulong para matignan ,Other Emergency
206,8/24/2023 4:49,Yna Pecayo ,9844236556,"Blk 8, Lot 18, Brgy. Gulod, Cabuyao City, Laguna",1,"May batang kinagat ng aso dito, mukhang malala na. Need ng first aid",Medical Emergency
207,6/21/2023 8:40,Kristine Hernandez,9541266545,"Blk 30, Lot 10, Brgy. Marinig, Cabuyao City, Laguna",1,"May nadulas dahil sa ulan, wala siyang malay. Padala kayo ng tulong ",Medical Emergency
208,9/21/2023 4:25,Icelle Icidera,9456345566,"Barangay Niugan, Cabuyao City, Laguna",2,"May suntukan dito, marami sila at may mga sugatan na",Medical Emergency
209,8/25/2023 5:05,Marlon Bagwisa,9456544665,"Along the highway, Brgy. Banlic, Cabuyao City, Laguna",1,May motorcycle na nawalan ng preno at nabagok.,Vehicular Accident
210,11/20/2023 8:05,Rick Sanchez ,9554266663,"Barangay Sala, Cabuyao City, Laguna",1,"May lasing dito at pinukpok sa ulo ang bata ng bote, send help please ",Medical Emergency
211,7/12/2023 4:05,Jhoanna Christine Robles,9957873292,"Along the Highway Bigaa Rd Cabuyao, Calabarzon",3,May nagbanggaan Dito. Kailangan ng tulong,Vehicular Accident
212,3/14/2023 5:22,Maraiah Queen Arceta,9164873821,"Along the Highway Bigaa Rd Cabuyao, Calabarzon",1,May nahimatay na babae matanda,Medical Emergency
213,7/22/2023 4:25,Ma. Nicolette Vergara,9876472341,Bigaa Elementary School,1,May nabanggang naka bicycle ng motor sa labas ng school,Vehicular Accident
214,8/25/2023 6:33,Mary Loi Yves Ricalde,9864573428,"Diezmo, Cabuyao",2,"May nawalan ng preno na kotse, bumangga sa guard house",Vehicular Accident
215,10/20/2023 5:28,Gweneth L. Apuli,9347628394,"Along the HighwaySouthville Rd Cauyao,Laguna",1,"May nabangga na lalaki ,sugatan at walang malay",Medical Emergency
216,9/22/2023 4:44,Stacey Aubrey Sevilleja,9123456781,"Cagayan St Cabuyao, Calabarzon",2,"May nasusunog na bahay,May dalawang nakatira doon",Other Emergency
217,11/18/2023 4:05,Mikhaela Janna Lim,9846283756,Phase 1 Mabuhay City Cabuyao Laguna,1,May nabanggang pedicab,Vehicular Accident
218,6/23/2023 5:35,Sheena Mae Catacutan,9127658374,"Pulo-Diezmo Road Cabuayo,Laguna",1,"May nahulog sa kanal ,sugatan bata",Medical Emergency
219,7/22/2023 4:41,Raven Espinelli,9385739845,Phase 1 Mabuhay City Cabuyao Laguna,1,Nasagasaan yung paa ng kotsee,Medical Emergency
220,7/21/2023 0:29,Angelina Marasigan,9823456728,Phase 1 Mabuhay City Cabuyao Laguna,2,Sumalpok yung motor sa kotse overtake ng overtake daw kasi yung motor,Vehicular Accident
221,6/24/2023 5:30,Dareylle Aquino,9234651745,"Southville 1, Niugan, City of Cabuyao, Laguna",1,Nagkaroon ng bungguan dito lasing yung isang driver,Vehicular Accident
222,8/26/2023 3:45,Maria Theresa Sanchez,9123443257,"St. Joseph Village 7, Phase 1 Blk 20 Lot 18, Marinig, Cabuyao, Laguna",1,May truck overspeeding nabunggo yung isang petshop,Vehicular Accident
223,6/24/2023 5:30,Quaquin Bordado,9121223567,Villa Adelina II Cabuyao Laguna,2,"Sumabog rice cooker namin, need ng medic, hindi makahinga yung anak ko",Medical Emergency
224,6/24/2023 6:30,Jessica Santos,9222647283,"Utopia Subdivision, Brgy. Pittland, Cabuyao City, Laguna",1,"Nahulog sa bubong asawa ko, walang malay",Medical Emergency
225,7/22/2023 5:25,Gerald Lim,9217485932,"St. Joseph Homes 1, B11 L67 Cabuyao,Laguna",1,"Lasing yung lalaki hinampas yung bata, kailangan ng ambulance",Medical Emergency
226,9/22/2023 0:22,Kimberly Dinawanao,9467812356,Hong Kong Village Basket Ball Court,1,"Nabali paa ng tropa namin, kailangan ng first aid",Medical Emergency
227,11/24/2023 7:05,Mark Garcia,9237816546,"Southville 1, Niugan, City of Cabuyao, Laguna",3,may Sunog sa kapit bahay,Other Emergency
228,11/22/2023 5:49,Henry Sy,9562387465,"Southville 1, Niugan, City of Cabuyao, Laguna",2,may sunog sa bahay namin,Other Emergency
229,7/30/2023 5:50,Patrick Sanchez,9184763876,"San Isidro Heights Subdivision Cabuyao, Laguna",1,may babaeng natumba nalang bigla dito,Medical Emergency
230,8/12/2023 0:27,Marc Canicon,9286374851,"San Isidro Heights Subdivision Cabuyao, Laguna",2,"yung anak kong babae, Hindi nagising meron siyang Cancer",Medical Emergency
231,10/27/2023 12:55,Leandro Cabuyao,9287146783,"St. Joseph Village 8 Cabuyao, Laguna",1,May lalaki dito nakahandusay sa labas ng bahay ko,Medical Emergency
232,12/31/2023 23:59,Josh Emmanuel Florita,9813468263,blk 32 lot 34 Southville 1 Nuigan Cabuyao City,1,"Fireworks pops in his hand, need first aid",Medical Emergency
233,7/12/2023 6:05,Jullianna Daplas,9812354367,"St. Joseph Homes 1, B11 L67 Cabuyao,Laguna",2,"May mga nag susuntukan dito, kawawa na yung isang kasuntukan",Other Emergency
234,7/22/2023 6:05,Charina Canlas,9813756478,"St. Joseph Village 7, Phase 1 Blk 30 Lot 10, Marinig, Cabuyao, Laguna",3,We have a fire in our house,Other Emergency
235,5/11/2023 11:43,Carl Salubre,9845673824,"St. Joseph Homes 1, B11 L67 Cabuyao,Laguna",4,There is 2 e-bike collision in our street. We need help,Vehicular Accident
236,11/23/2023 6:23,Kyle Mirabueno,9452637451,"Block 23 Lot 5 Emerald Subd., Brgy. Bigaa, Cabuyao City, Laguna",1,"There is a crazy person hitting people, The other guy is unconsioused",Medical Emergency
237,5/28/2023 10:23,Kenneth Magsino,9234567183,"St. Joseph Homes 1, B11 L67 Cabuyao, Laguna",1,"Ive experinced heavy dizzyness I think I might passed out, need ambulance",Medical Emergency
238,7/29/2023 6:35,Eubert Usana,9482736173,"ST JOSEPH 6 GAZEEBO PHASE 2 Cabuyao City, Laguna",3,"There is a hostage taking here ,I need police for help ",Other Emergency
239,6/24/2023 7:50,Criselle Dumalo,9546646466,blk 20 lot 37 Southville 1 Nuigan Cabuyao City,1,"My is daughter unconscious , I don’t know why",Medical Emergency
240,3/26/2023 10:45,Ryka Noche,9835737375,"Buena Dios Village, Brgy. Poblacion Tres, Cabuyao City, Laguna",1,"My son fell in the stairs and unconsious , need ambulance",Medical Emergency
241,11/16/2023 6:35,Jake Sumawang,9877777777,"Bella Solana Subdivision Phase 4 Cabuyao, Laguna",2,"My house is on fire,need help from the fire station ",Other Emergency
242,11/6/2023 4:24,Paul Buena,91141111111,"Milwood Ville Subdivision Cabuyao,Laguna",1,"I cant breathe , Im in the house alone, I cant go outside anymore",Medical Emergency
243,8/26/2023 10:24,Bryan Dimailig,9343434535,"Zone 78, Brgy. Banlic, Cabuyao City, Laguna",1,My son has been hit by an e-bike,Medical Emergency
244,6/8/2023 5:49,James Fenequito,9434434333,"Zone 78, Brgy. Banlic, Cabuyao City, Laguna",4,"There is a grass fire here near my house, We cant breath",Other Emergency
245,7/4/2023 8:05,Mark Jones Lopez,9438384838,"Buena Dios Village, Brgy. Poblacion Tres, Cabuyao City, Laguna",2,My house is on fire,Other Emergency
246,7/14/2023 6:20,Jonas Perdigon,9832647462,Villa Adelina II Cabuyao Laguna,1,"My son is unconsious , need medical assistance",Medical Emergency
247,8/20/2023 11:23,Hance Miranda,9823465738,San Isidro Heights Subdivision,1,"My daughter is unconsious , need medical assistanc",Medical Emergency
248,11/10/2023 11:05,Lance Jose,9473728475,"Along the highway Marinig Cabuyao,Laguna",10,Nagkabanggaan yung dalawang jeep ,Vehicular Accident
249,6/20/2023 8:05,Michelle Ladroma,9222222222,"Utopia Subdivision, Brgy. Pittland, Cabuyao City, Laguna",4,There is a collision of 2 cars,Vehicular Accident
250,10/26/2023 3:45,Karen Pulido,9345567821,"Utopia Subdivision, Brgy. Pittland, Cabuyao City, Laguna",7,There is a collision of 3 cars,Vehicular Accident
251,11/23/2023 6:35,Hannah Santos ,9262747272,"St. Joseph Village 8 Cabuyao, Laguna",4,"May Riot dito, ang daming sugatan please send some medical assistantance",Medical Emergency
252,11/20/2023 8:05,Kaye Alcantara,9434386463,"Barangay Niugan, Cabuyao City, Laguna",2,"May marites na nagsabunutan, yung isa wala nang malay, yung isa malala na mag dudugo",Medical Emergency
253,11/30/2023 6:33,Nicole Karunungan,9534346464,"Barangay Niugan, Cabuyao City, Laguna",1,"Sinaksak tong babaeng to kase may dugo sa tagiliran, nahinga pasya. Binalutan ko na ng damit yung tagiliran niya pero kailangan niya ng medical assistance. Please send some ambulance ASAP!! ",Medical Emergency
254,12/21/2023 6:35,Jessica Sanchez ,9534346444,"Nuvena Street, Fong Village, Brgy. Baclaran, Cabuyao City, Laguna",1,"May nadulas dito sa palengke, kailangan namin ng tulong kase nawalan siya ng malay. ",Medical Emergency
255,11/15/2023 5:38,Lea Garcia ,9564346464,"Barangay Niugan, Cabuyao City, Laguna",3,there is a collision of a car and a truck here,Vehicular Accident
256,11/29/2023 7:37,Mike Bautista,9468334644,"Barangay Niugan, Cabuyao City, Laguna",2,"May mga lalaking naka maskara at binaril ang dalawang lalaki. Walang malay ang isa, yung isa duguan. Kailangan namin ng ambulance ",Medical Emergency
257,11/28/2023 6:35,Jobert Binene,9564646464,"St. Joseph Village 7 Cabuyao, Laguna",1,"May batang kinagat ng ahas, kailangan ko ng ambulansya ASAP ",Medical Emergency
258,9/20/2023 7:36,Blake Advincula,9564346464,"Along the Highway Bigaa Rd Cabuyao, Calabarzon",5,"May banggaan dito, madaming sasakyan ang nadamay",Vehicular Accident
259,11/22/2023 8:47,Levy Cruz,9464243454,"Along the Highway, Brgy. San Isidro Cabuyao, Laguna",1,"May nabanggang motor, kailangan ng pulis",Vehicular Accident
260,12/25/2023 8:15,Mateo Cruz,9289901222,"Block 3 Lot 5 Villa Rosa Subd., Brgy. Banlic, Cabuyao City, Laguna",2,May gas leak sa kapitbahay May mga tao na nahihirapang huminga at nahihilo.,Other Emergency
261,1/7/2024 17:30,Sofia Santos,9390012333,"Block 2 Lot 3 Acacia St., Brgy. Pittland, Cabuyao City, Laguna",1,Yung lola nahulog sa hagdanan sa bahay! Masakit ang likod at hindi makagalaw.,Medical Emergency
262,2/14/2024 9:40,Miguel Reyes,9501123444,"Brgy. Gulod, Cabuyao City, Laguna",3,May nangyaring panloloob may mga dalang patalim,Other Emergency
263,3/20/2024 16:25,Isabella Garcia,9612234555,"Block 7 Lot 2 Jasmine St., Brgy. Banay-banay, Cabuyao City, Laguna",2,"Gumuho ang gusali dahil sa lindol! May dalawang taong naipit sa mga guho, kailangan ng agarang tulong. Padala ng search and rescue team",Other Emergency
264,1/29/2024 22:55,Lucas Dela Cruz,9723345666,"Barangay Hall, Brgy. Gulod, Cabuyao City, Laguna",1,"May babae na nagkakaroon ng malubhang allergic reaction! Nahihirapan huminga, kailangan ng agarang tulong medikal.",Medical Emergency
265,2/12/2024 11:20,Amelia Fernandez,9834456777,"Along the Riverbank, Brgy. Pittland, Cabuyao City, Laguna",6,May nangyaring aksidente sa bangka! dun sa may ilog,Other Emergency
266,3/1/2024 7:05,Diego Ramos,9945567888,"Block 6 Lot 1 Magnolia St., Brgy. Banlic, Cabuyao City, Laguna",4,"May nangyaring pagkalat ng kemikal, kailangan ng rescue",Other Emergency
267,2/27/2024 18:30,Gabriela Torres,9056678999,"Manggahan St., Brgy. Marinig, Cabuyao City, Laguna",2,May aksidente na nangyari sa nakamotor at pedestrian.,Vehicular Accident
268,3/10/2024 14:45,Enzo Gonzales,9167789000,"Basketball Court, Brgy. Banay-banay, Cabuyao City, Laguna",7,May rambulan sa court. Maraming mga players ang sumali sa gulo.,Other Emergency
269,3/22/2024 9:10,Valentina Rivera,9451234567,"Barangay Marinig, Cabuyao City, Laguna",2,Isang sasakyan ang sumalpok sa poste nawalan ng preno,Vehicular Accident
270,10/29/2023 22:00,Isabella Nguyen,9507382961,"Barangay Pulo, Cabuyao City, Laguna",4,"May sunog sa isang apartment,apat na residente ang apektado.",Other Emergency
271,3/5/2024 11:30,Noah Kim,9671234567,"Barangay Niugan, Cabuyao City, Laguna",3,Nag-collapse ang scaffolding sa isang construction site,Other Emergency
272,2/14/2023 9:10,Sophia Patel,9321234567,"Barangay Niugan, Cabuyao City, Laguna",2,Mayroong malaking bato na bumagsak sa isang konstruksyon.,Other Emergency
273,12/3/2023 13:20,Elijah Khan,9451234567,"Crossing ng Maharlika Highway at National Road, Barangay Banay-Banay, Cabuyao City, Laguna",3,Nagkaroon ng aksidente sa banggaan ng kotse at tricycle.,Vehicular Accident
274,2/14/2023 9:10,Ava Gupta,9451234567,"Beach Resort, Barangay Casile, Cabuyao City, Laguna",1,"Isang tao ang nalunod sa beach resort, kailangan ng agarang tulong sa pagliligtas at pagbibigay ng resuscitation.",Other Emergency
275,4/5/2024 9:15,Lucas Santos,9321234567,"National Road, Barangay Real, Cabuyao City, Laguna",2,Mayroong banggaan sa kalsada nawalan daw ng preno yung truck ,Vehicular Accident
276,6/15/2023 18:20,Elena Fernandez,9181234567,"Barangay Bigaa, Cabuyao City, Laguna",8,"Nangyari ang pagsabog sa isang pabrika, kinakailangan ng tulong ng bumbero at pagliligtas.",Other Emergency
277,8/2/2023 11:00,Roberto Gonzalez,9293456789,"Plaza , Cabuyao City, Laguna",4,"Mayroong insidente ng pamamaril sa plaza, kinakailangan ng  pulisya.",Other Emergency
278,11/8/2023 16:10,Ana Ramirez,9345678901,"Barangay Niugan, Cabuyao City, Laguna",6,"Mayroong pagguho ng pader sa eskwelahan, kinakailangan ng tulong ng bumbero at pagliligtas.",Other Emergency
279,2/14/2023 9:10,Diego Perez,9457890123,"Block 12, Lot 5, Barangay Sala, Cabuyao City, Laguna",1,"yung anak ko po saka nabaril, dami nang dugo, send ambulansya pakiusap",Medical Emergency
280,4/5/2023 9:15,Carmen Rodriguez,9569012345,"Block 7, Lot 8, Barangay Banay-Banay, Cabuyao City, Laguna",1,tulong may nahimatay dito,Medical Emergency
281,6/15/2023 18:20,Javier Martinez,9671234567,"Block 15, Lot 4, Barangay Casile, Cabuyao City, Laguna",1,"Isang lalaki ang nag-collapse sa kalsada dahil sa atake sa puso, kailangan ng agarang tulong medikal.",Medical Emergency
282,2/14/2024 9:10,Patricia Diaz,9783456789,"Plaza , Cabuyao City, Laguna",3,"Mayroong nag-aaway sa loob ng isang establisyemento, kailangan ng tulong .",Other Emergency
283,4/5/2023 9:15,Francisco Lopez,9895678901,"Block 3, Lot 12, Barangay Marinig, Cabuyao City, Laguna",5,"Mayroong baha, kailangan ng tulong sa paglikas at paglilinis.",Other Emergency
284,6/15/2023 18:20,Marta Ruiz,9907890123,"Block 1 Lot 12, Saint Joseph 7, Barangay Butong, Cabuyao City, Laguna",1,"Isang lalaki ang nagnakaw sa isang tindahan, kailangan ng tulong ng pulisya para sa pag-aresto.",Other Emergency
285,8/2/2023 11:00,Daniel Sanchez,9129012345,"Ph2  Saint Joseph 6, Barangay Butong, Cabuyao City, Laguna",1,"Mayroong nakitang nasusunog na sasakyan sa kanto, kailangan ng tulong ng bumbero para sa pagsugpo ng apoy",Other Emergency
286,11/8/2023 16:10,Fer dela Cruz,9781234567,"Block 3, Lot 12, Barangay Marinig, Cabuyao City, Laguna",1,"May sunog dito sa bahay, kailangan ng tulong ng bumbero.",Other Emergency
287,2023/05/10 - 09:45:23,Sofia Rodriguez,9233456789,"Barangay Sala, Cabuyao City, Laguna",1,"Mayroong nabundol na pedestrian, kailangan ng tulong medikal sa lugar ng aksidente, may dugo",Medical Emergency
288,2024/01/15 - 18:20:12,Carlos Martinez,9567891234,"Block 7, Lot 8, Barangay Banay-Banay, Cabuyao City, Laguna",2,"Mayroong barilang narinig, kailangan ng tulong ng pulisya para imbestigahan.",Other Emergency
289,2023/09/02 - 11:00:45,Andrea Gomez,9432109876," Barangay Casile, Cabuyao City, Laguna",1,"Mayroong stranded na sasakyan sa gitna ng kalsada, kailangan ng tulong sa pagtanggal.",Vehicular Accident
290,2023/11/08 - 16:10:12,Alejandro Hernandez,9345678901,"Block 18, Lot 2, Barangay Gulod, Cabuyao City, Laguna",4,Mayroong sapawan ng sasakyan sa isang intersection.,Vehicular Accident
291,2/14/2023 9:10,Maria Santos,9123456789,"Barangay Gulod, Cabuyao City, Laguna",1,"Mayroong puno na bumagsak, may isang biktima na nasugatan, kailangan ng tulong medikal.",Medical Emergency
292,7/5/2023 11:30,Jose Garcia,9451234567,"Riverside, Barangay Casile, Cabuyao City, Laguna",2,"May dalawang tao ang lumubog sa ilog, kinakailangan ng tulong sa paglitas",Other Emergency
293,8/18/2023 17:45,Pedro Reyes,9507382961,"Crossing Maharlika Highway, Barangay Banay-Banay, Cabuyao City, Laguna",1,"Nagkaroon ng aksidente, banggaan ng motorsiklo, may biktima,kailangan ng tulong.",Other Emergency
294,10/29/2023 22:00,Maria Cruz,9876543210,"Phase 2, Villa Palao Subdivision, Barangay Marinig, Cabuyao City, Laguna",3,"Mayroong magnanakaw sa bahay, kinakailangan ng tulong ng pulisya.",Other Emergency
295,12/3/2023 13:20,Juanito Cruz,9321234567,"Barangay Real, Cabuyao City, Laguna",1,"Nawawala ang isang bata, kinakailangan ng tulong sa paghahanap at pagliligtas.",Other Emergency
296,2/5/2024 10:20,Andres Garcia,9065432109,"Idesia Cabuyao,, Barangay Marinig, Cabuyao City, Laguna",5,"Bumagsak ang gusali sa konstruksyon, may mga taong naapektuhan.",Other Emergency
297,1/5/2024 13:50,Rosa Reyes,9453217890,"Barangay Sala, Cabuyao City, Laguna",16,"Malakas na pagyanig ng lupa, posibleng may pinsala sa mga gusali at tao, nangangailangan ng tulong sa search and rescue.",Other Emergency
298,6/10/2023 8:15,Juan dela Cruz,920987765,"National Highway, Barangay Banlic, Cabuyao City, Laguna",2,"Bumangga ang dalawang sasakyan,kailangan ng pulisya.",Vehicular Accident
299,5/3/2024 14:30,Maria Santos,917123567,"48 Barangay San Isidro, Cabuyao City, Laguna",3,"Nasusunog ang bahay, may tao pa sa loob, kinakailangan ang tulong ng bumbero.",Other Emergency
300,4/15/2023 16:04,Emil Sangkot,94378453123,"Apartment 99 Jose Subd., Brgy. Poblacion Tres, Cabuyao City, Laguna",1,May tama ng bala sa may braso kailangan na ng ambulansya,Medical Emergency
